ID,CHOICES,NR_CHOICES,CHOICE_IMAGES,CHECKPOINT,SKIP_CHECKPOINT,SKIP_CP_DEPENDENCY,CHOICE_DEPENDENCIES,SHUFFLE_CHOICES,TXT_CHOICES,SCORE_A,SCORE_A_ANI,SCORE_B,SCORE_B_ANI,LOC_GRAPHIC,NEXT_SC_DEPENDENCIES,TIME_CHOICES,DEF_VID,NEXT_VIDS,SUB,,
,,,,,,,,,,,,,,,,,,,,,
seq_1.mp4,TRUE,2,pink,,,,,TRUE,"Be Kind, Be Honest",,,,,,,8,seq_2.mp4,"seq_2.mp4, seq_3.mp4",seq_1.srt,,
,,,,,,,,,,,,,,,,,,,,,
seq_2.mp4,TRUE,2,pink,,,,,TRUE,"Open Door, Dismiss",,,,,,,7,seq_4.mp4,"seq_4.mp4, seq_5.mp4",seq_2.srt,,
,,,,,,,,,,,,,,,,,,,,,
seq_3.mp4,TRUE,2,pink,,,,,TRUE,"Open Door, Dismiss",,,,,,,7,seq_4.mp4,"seq_4.mp4, seq_5.mp4",seq_3.srt,,
,,,,,,,,,,,,,,,,,,,,,
seq_4.mp4,TRUE,2,pink,,,,,TRUE,"Greet, Ignore",,,,,,,7,seq_6.mp4,"seq_6.mp4, seq_7.mp4",seq_4.srt,,
,,,,,,,,,,,,,,,,,,,,,
seq_5.mp4,TRUE,2,pink,,,,,TRUE,"Greet, Ignore",,,,,,,7,seq_6.mp4,"seq_6.mp4, seq_7.mp4",seq_5.srt,,
,,,,,,,,,,,,,,,,,,,,,
seq_6.mp4,TRUE,2,pink,,,,,TRUE,"Ignore, Help",,,,,,,7,seq_8.mp4,"seq_8.mp4, seq_9.mp4",seq_6.srt,,
,,,,,,,,,,,,,,,,,,,,,
seq_7.mp4,TRUE,2,pink,,,,,TRUE,"Ignore, Help",,,,,,,7,seq_8.mp4,"seq_8.mp4, seq_9.mp4",seq_7.srt,,
,,,,,,,,,,,,,,,,,,,,,
seq_8.mp4,TRUE,2,pink,,,,,TRUE,"Send Money, Decline",,,,,,,8,seq_10.mp4,"seq_10.mp4, seq_11.mp4",seq_8.srt,,
,,,,,,,,,,,,,,,,,,,,,
seq_9.mp4,TRUE,2,pink,,,,,TRUE,"Send Money, Decline",1,"1.0, 0.0",,,,,8,seq_10.mp4,"seq_10.mp4, seq_11.mp4",seq_9.srt,,
,,,,,,,,,,,,,,,,,,,,,
seq_10.mp4,TRUE,2,pink,,,,,FALSE,"North Trail, South Trail",,,,,,,8,seq_12.mp4,"seq_12.mp4, seq_44.mp4",seq_10.srt,,
,,,,,,,,,,,,,,,,,,,,,
seq_11.mp4,TRUE,2,pink,,,,,FALSE,"North Trail, South Trail",,,,,,,8,seq_12.mp4,"seq_12.mp4, seq_44.mp4",seq_11.srt,,
,,,,,,,,,,,,,,,,,,,,,
seq_12.mp4,TRUE,2,pink,,,,,TRUE,"Keep Running, Switch To South Trail",,,,,,,7,seq_13.mp4,"seq_13.mp4, seq_14.mp4",seq_12.srt,,
,,,,,,,,,,,,,,,,,,,,,
seq_13.mp4,TRUE,2,pink,,,,,TRUE,"Dismiss, Investigate",,,,,,,7,seq_15.mp4,"seq_15.mp4, seq_16.mp4",seq_13.srt,,
,,,,,,,,,,,,,,,,,,,,,
seq_14.mp4,TRUE,2,pink,,,,,TRUE,"Music, Podcast",,,,,,,7,seq_54.mp4,"seq_54.mp4, seq_55.mp4",seq_14.srt,,
,,,,,,,,,,,,,,,,,,,,,
seq_15.mp4,TRUE,2,pink,,,,,TRUE,"Music, Podcast",,,,,,,7,seq_19.mp4,"seq_19.mp4, seq_20.mp4",seq_15.srt,,
,,,,,,,,,,,,,,,,,,,,,
seq_16.mp4,TRUE,2,pink,,,,,TRUE,"Go Down, Leave",,,,,,,7,seq_17.mp4,"seq_17.mp4, seq_18.mp4",seq_16.srt,,
,,,,,,,,,,,,,,,,,,,,,
seq_17.mp4,TRUE,2,pink,,,,,TRUE,"Music, Podcast",,,,,,,7,seq_19.mp4,"seq_19.mp4, seq_20.mp4",seq_17.srt,,
,,,,,,,,,,,,,,,,,,,,,
seq_18.mp4,TRUE,2,pink,,,,,TRUE,"Music, Podcast",,,,,,,7,seq_19.mp4,"seq_19.mp4, seq_20.mp4",seq_18.srt,,
,,,,,,,,,,,,,,,,,,,,,
seq_19.mp4,TRUE,2,pink,,,,,TRUE,"Give Directions, Dismiss",,,,,,,7,seq_22.mp4,"seq_21.mp4, seq_22.mp4",seq_19.srt,,
,,,,,,,,,,,,,,,,,,,,,
seq_20.mp4,TRUE,2,pink,,,,,TRUE,"Give Directions, Dismiss",,,,,,,7,seq_22.mp4,"seq_21.mp4, seq_22.mp4",seq_20.srt,,
,,,,,,,,,,,,,,,,,,,,,
seq_21.mp4,TRUE,2,red,,,,,TRUE,"Turn Back, Remove Wire",,,,,,,7,seq_24.mp4,"seq_23.mp4, seq_24.mp4",seq_21.srt,,
,,,,,,,,,,,,,,,,,,,,,
seq_22.mp4,TRUE,2,red,,,,,TRUE,"Turn Back, Remove Wire",,,,,,,7,seq_24.mp4,"seq_23.mp4, seq_24.mp4",seq_22.srt,,
,,,,,,,,,,,,,,,,,,,,,
seq_23.mp4,TRUE,2,red,,,,,TRUE,"Help, Vlog",,,,,,,7,seq_30.mp4,"seq_28.mp4, seq_30.mp4",seq_23.srt,,
,,,,,,,,,,,,,,,,,,,,,
seq_24.mp4,TRUE,2,red,,,,,TRUE,"Return To Trail, Pull Knife",,,,,,,7,seq_25.mp4,"seq_25.mp4, seq_26.mp4",seq_24.srt,,
,,,,,,,,,,,,,,,,,,,,,
seq_25.mp4,TRUE,2,red,,,,,TRUE,"Help, Vlog",,,,,,,7,seq_30.mp4,"seq_28.mp4, seq_30.mp4",seq_25.srt,,
,,,,,,,,,,,,,,,,,,,,,
seq_26.mp4,TRUE,2,red,,,,,TRUE,"Help, Vlog",,,,,,,7,seq_29.mp4,"seq_27.mp4, seq_29.mp4",seq_26.srt,,
,,,,,,,,,,,,,,,,,,,,,
seq_27.mp4,TRUE,2,red,"TRUE, 95.1",90.6,"seq_27, seq_28",,TRUE,"Attack High, Attack Low",1,"1.0, 0.0",,,,,5,seq_32.mp4,"seq_31.mp4, seq_32.mp4",seq_27.srt,,
,,,,,,,,,,,,,,,,,,,,,
seq_28.mp4,TRUE,2,red,"TRUE, 113.8",90.7,"seq_27, seq_28",,TRUE,"Keep Running, Hide In Cave",1,"1.0, 0.0",,,,,7,seq_37.mp4,"seq_37.mp4, seq_38.mp4",seq_28.srt,,
,,,,,,,,,,,,,,,,,,,,,
seq_29.mp4,TRUE,2,red,"TRUE, 135.4",131.9,"seq_29, seq_30",,TRUE,"Attack High, Attack Low",,,,,,,5,seq_32.mp4,"seq_31.mp4, seq_32.mp4",seq_29.srt,,
,,,,,,,,,,,,,,,,,,,,,
seq_30.mp4,TRUE,2,red,"TRUE, 155.2",132.6,"seq_29, seq_30",,TRUE,"Keep Running, Hide In Cave",,,,,,,7,seq_37.mp4,"seq_37.mp4, seq_38.mp4",seq_30.srt,,
,,,,,,,,,,,,,,,,,,,,,
seq_31.mp4,FALSE,,,,,,,,,,,,,,,,,RESTART,seq_31.srt,,
,,,,,,,,,,,,,,,,,,,,,
seq_32.mp4,TRUE,2,red,"TRUE, 0",,,,TRUE,"Attack High, Attack Low",,,,,,,5,seq_33.mp4,"seq_33.mp4, seq_34.mp4",seq_32.srt,,
,,,,,,,,,,,,,,,,,,,,,
seq_33.mp4,TRUE,2,red,,,,,TRUE,"Help, Abandon",,,,,,,7,seq_36.mp4,"seq_35.mp4, seq_36.mp4",seq_33.srt,,
,,,,,,,,,,,,,,,,,,,,,
seq_34.mp4,FALSE,,,,,,,,,,,,,,,,,RESTART,seq_34.srt,,
,,,,,,,,,,,,,,,,,,,,,
seq_35.mp4,TRUE,2,red,,,,,TRUE,"Tunnel, Keep Running",,,,,,"Tunnel, Keep Running AND seq_19.mp4, Keep Running AND seq_20.mp4",7,0,"seq_39.mp4, seq_42.mp4, seq_43.mp4",seq_35.srt,,
,,,,,,,,,,,,,,,,,,,,,
seq_36.mp4,TRUE,2,red,,,,,TRUE,"Tunnel, Keep Running",,,,,,"Tunnel, Keep Running AND seq_19.mp4, Keep Running AND seq_20.mp4",7,0,"seq_39.mp4, seq_42.mp4, seq_43.mp4",seq_36.srt,,
,,,,,,,,,,,,,,,,,,,,,
seq_37.mp4,FALSE,,,,,,,,,,,,,,,,,RESTART,seq_37.srt,,
,,,,,,,,,,,,,,,,,,,,,
seq_38.mp4,TRUE,2,red,,,,,TRUE,"Tunnel, Keep Running",,,,,,"Tunnel, Keep Running AND seq_19.mp4, Keep Running AND seq_20.mp4",7,0,"seq_39.mp4, seq_42.mp4, seq_43.mp4",seq_38.srt,,
,,,,,,,,,,,,,,,,,,,,,
seq_39.mp4,TRUE,2,red,"TRUE, 84.1",,,,TRUE,"Investigate Smoke, Leave",,,,,,,7,seq_40.mp4,"seq_40.mp4, seq_41.mp4",seq_39.srt,,
,,,,,,,,,,,,,,,,,,,,,
seq_40.mp4,FALSE,,,,,,,,,,,,,,,,,RESTART,seq_40.srt,,
,,,,,,,,,,,,,,,,,,,,,
seq_41.mp4,TRUE,2,red,,,,,TRUE,"Laugh, Slap",,,,,,"Laugh AND (seq_27.mp4 OR seq_28.mp4), Laugh AND (seq_29.mp4 OR seq_30.mp4), Slap AND (seq_27.mp4 OR seq_28.mp4), Slap AND (seq_29.mp4 OR seq_30.mp4)",7,0,"seq_79.mp4, seq_82.mp4, seq_85.mp4, seq_88.mp4",seq_41.srt,,
,,,,,,,,,,,,,,,,,,,,,
seq_42.mp4,TRUE,2,red,,,,,TRUE,"Laugh, Slap",,,,,,"Laugh AND (seq_27.mp4 OR seq_28.mp4), Laugh AND (seq_29.mp4 OR seq_30.mp4), Slap AND (seq_27.mp4 OR seq_28.mp4), Slap AND (seq_29.mp4 OR seq_30.mp4)",7,0,"seq_79.mp4, seq_82.mp4, seq_85.mp4, seq_88.mp4",seq_42.srt,,
,,,,,,,,,,,,,,,,,,,,,
seq_43.mp4,TRUE,2,red,,,,,TRUE,"Laugh, Slap",,,,,,"Laugh AND (seq_27.mp4 OR seq_28.mp4), Laugh AND (seq_29.mp4 OR seq_30.mp4), Slap AND (seq_27.mp4 OR seq_28.mp4), Slap AND (seq_29.mp4 OR seq_30.mp4)",7,0,"seq_79.mp4, seq_82.mp4, seq_85.mp4, seq_88.mp4",seq_43.srt,,
,,,,,,,,,,,,,,,,,,,,,
seq_44.mp4,TRUE,2,pink,,,,,TRUE,"Argue, Negotiate",,,,,,,7,seq_45.mp4,"seq_45.mp4, seq_47.mp4",seq_44.srt,,
,,,,,,,,,,,,,,,,,,,,,
seq_45.mp4,TRUE,2,pink,,,,,TRUE,"Run, Pay By Card",,,,,,,7,seq_48.mp4,"seq_46.mp4, seq_48.mp4",seq_45.srt,,
,,,,,,,,,,,,,,,,,,,,,
seq_46.mp4,TRUE,2,pink,,,,,TRUE,"Music, Podcast",,,,,,,7,seq_54.mp4,"seq_54.mp4, seq_55.mp4",seq_46.srt,,
,,,,,,,,,,,,,,,,,,,,,
seq_47.mp4,TRUE,2,pink,,,,,TRUE,"Pay By Card, Switch To North Trail",,,,,,,7,seq_48.mp4,"seq_48.mp4, seq_53.mp4",seq_47.srt,,
,,,,,,,,,,,,,,,,,,,,,
seq_48.mp4,TRUE,2,pink,,,,,TRUE,"Open Box, Inspect Photograph",,,,,,,7,seq_49.mp4,"seq_49.mp4, seq_52.mp4",seq_48.srt,,
,,,,,,,,,,,,,,,,,,,,,
seq_49.mp4,TRUE,2,pink,,,,,TRUE,"Close Box, Take Amulet",,,,,,,5,seq_50.mp4,"seq_50.mp4, seq_51.mp4",seq_49.srt,,
,,,,,,,,,,,,,,,,,,,,,
seq_50.mp4,TRUE,2,pink,,,,,TRUE,"Music, Podcast",,,,,,,7,seq_54.mp4,"seq_54.mp4, seq_55.mp4",seq_50.srt,,
,,,,,,,,,,,,,,,,,,,,,
seq_51.mp4,TRUE,2,pink,,,,,TRUE,"Music, Podcast",,,,,,,7,seq_54.mp4,"seq_54.mp4, seq_55.mp4",seq_51.srt,,
,,,,,,,,,,,,,,,,,,,,,
seq_52.mp4,TRUE,2,pink,,,,,TRUE,"Music, Podcast",,,,,,,7,seq_54.mp4,"seq_54.mp4, seq_55.mp4",seq_52.srt,,
,,,,,,,,,,,,,,,,,,,,,
seq_53.mp4,TRUE,2,pink,,,,,TRUE,"Dismiss, Investigate",,,,,,,7,seq_15.mp4,"seq_15.mp4, seq_16.mp4",seq_53.srt,,
,,,,,,,,,,,,,,,,,,,,,
seq_54.mp4,TRUE,2,pink,,,,,TRUE,"Enter Fort, Keep Running",,,,,,,7,seq_56.mp4,"seq_56.mp4, seq_63.mp4",seq_54.srt,,
,,,,,,,,,,,,,,,,,,,,,
seq_55.mp4,TRUE,2,pink,,,,,TRUE,"Enter Fort, Keep Running",,,,,,,7,seq_56.mp4,"seq_56.mp4, seq_63.mp4",seq_55.srt,,
,,,,,,,,,,,,,,,,,,,,,
seq_56.mp4,TRUE,2,pink,,,,,TRUE,"Go Upstairs, Stay Downstairs",,,,,,,7,seq_57.mp4,"seq_57.mp4, seq_58.mp4",seq_56.srt,,
,,,,,,,,,,,,,,,,,,,,,
seq_57.mp4,TRUE,2,pink,,,,,TRUE,"Take Call, Hang Up",,,,,,"Take Call AND seq_52.mp4, Take Call AND NOT seq_52.mp4, Hang Up AND seq_52.mp4, Hang Up AND NOT seq_52.mp4",7,0,"seq_59.mp4, seq_60.mp4, seq_61.mp4, seq_62.mp4",seq_57.srt,,
,,,,,,,,,,,,,,,,,,,,,
seq_58.mp4,TRUE,2,pink,,,,,TRUE,"Take Call, Hang Up",,,,,,"Take Call AND seq_52.mp4, Take Call AND NOT seq_52.mp4, Hang Up AND seq_52.mp4, Hang Up AND NOT seq_52.mp4",7,0,"seq_59.mp4, seq_60.mp4, seq_61.mp4, seq_62.mp4",seq_58.srt,,
,,,,,,,,,,,,,,,,,,,,,
seq_59.mp4,TRUE,2,red,"TRUE, 201.4",,,,FALSE,"Left Cave, Right Cave",1,"1.0, 0.0",,,,,7,seq_67.mp4,"seq_66.mp4, seq_67.mp4",seq_59.srt,,
,,,,,,,,,,,,,,,,,,,,,
seq_60.mp4,TRUE,2,red,"TRUE, 195.9",,,,FALSE,"Left Cave, Right Cave",1,"1.0, 0.0",,,,,7,seq_67.mp4,"seq_66.mp4, seq_67.mp4",seq_60.srt,,
,,,,,,,,,,,,,,,,,,,,,
seq_61.mp4,TRUE,2,red,"TRUE, 127.6",,,,FALSE,"Left Cave, Right Cave",,,,,,,7,seq_67.mp4,"seq_66.mp4, seq_67.mp4",seq_61.srt,,
,,,,,,,,,,,,,,,,,,,,,
seq_62.mp4,TRUE,2,red,"TRUE, 122.2",,,,FALSE,"Left Cave, Right Cave",,,,,,,7,seq_67.mp4,"seq_66.mp4, seq_67.mp4",seq_62.srt,,
,,,,,,,,,,,,,,,,,,,,,
seq_63.mp4,TRUE,2,pink,,,,,TRUE,"Take Call, Hang Up",,,,,,,7,seq_64.mp4,"seq_64.mp4, seq_65.mp4",seq_63.srt,,
,,,,,,,,,,,,,,,,,,,,,
seq_64.mp4,TRUE,2,red,"TRUE, 152.1",,,,FALSE,"Left Cave, Right Cave",1,"1.0, 0.0",,,,,7,seq_67.mp4,"seq_66.mp4, seq_67.mp4",seq_64.srt,,
,,,,,,,,,,,,,,,,,,,,,
seq_65.mp4,TRUE,2,red,"TRUE, 81.1",,,,FALSE,"Left Cave, Right Cave",,,,,,,7,seq_67.mp4,"seq_66.mp4, seq_67.mp4",seq_65.srt,,
,,,,,,,,,,,,,,,,,,,,,
seq_66.mp4,TRUE,2,red,"TRUE, 82.7",,,,TRUE,"Enter Cottage, Keep Running",,,,,,,7,seq_68.mp4,"seq_68.mp4, seq_69.mp4",seq_66.srt,,
,,,,,,,,,,,,,,,,,,,,,
seq_67.mp4,FALSE,,,,,,,,,,,,,,,,,RESTART,seq_67.srt,,
,,,,,,,,,,,,,,,,,,,,,
seq_68.mp4,FALSE,,,,,,,,,,,,,,,,,RESTART,seq_68.srt,,
,,,,,,,,,,,,,,,,,,,,,
seq_69.mp4,TRUE,2,red,"TRUE, 191.4",,,,TRUE,"Grab Phone, Negotiate",,,,,,"Grab Phone, Negotiate AND seq_51.mp4, Negotiate AND NOT seq_51.mp4",7,0,"seq_70.mp4, seq_71.mp4, seq_72.mp4",seq_69.srt,,
,,,,,,,,,,,,,,,,,,,,,
seq_70.mp4,FALSE,,,,,,,,,,,,,,,,,RESTART,seq_70.srt,,
,,,,,,,,,,,,,,,,,,,,,
seq_71.mp4,TRUE,2,red,,,,,TRUE,"Help Child, Keep Running",,,,,,,5,seq_73.mp4,"seq_73.mp4, seq_74.mp4",seq_71.srt,,
,,,,,,,,,,,,,,,,,,,,,
seq_72.mp4,TRUE,2,red,,,,,TRUE,"Help Child, Keep Running",,,,,,,5,seq_73.mp4,"seq_73.mp4, seq_74.mp4",seq_72.srt,,
,,,,,,,,,,,,,,,,,,,,,
seq_73.mp4,TRUE,2,red,,,,,TRUE,"Vlog, Keep Running",1,"1.0, 0.0",,,,,7,seq_75.mp4,"seq_75.mp4, seq_76.mp4",seq_73.srt,,
,,,,,,,,,,,,,,,,,,,,,
seq_74.mp4,TRUE,2,red,,,,,TRUE,"Vlog, Keep Running",,,,,,,7,seq_75.mp4,"seq_75.mp4, seq_76.mp4",seq_74.srt,,
,,,,,,,,,,,,,,,,,,,,,
seq_75.mp4,TRUE,2,red,,,,,TRUE,"Laugh, Slap",,,,,,"Laugh AND seq_74.mp4, Laugh AND seq_73.mp4, Slap AND seq_74.mp4, Slap AND seq_73.mp4",7,0,"seq_77.mp4, seq_80.mp4, seq_83.mp4, seq_86.mp4",seq_75.srt,,
,,,,,,,,,,,,,,,,,,,,,
seq_76.mp4,TRUE,2,red,,,,,TRUE,"Laugh, Slap",,,,,,"Laugh AND seq_74.mp4, Laugh AND seq_73.mp4, Slap AND seq_74.mp4, Slap AND seq_73.mp4",7,0,"seq_78.mp4, seq_81.mp4, seq_84.mp4, seq_87.mp4",seq_76.srt,,
,,,,,,,,,,,,,,,,,,,,,
seq_77.mp4,TRUE,2,red,"TRUE, 152.2",80.8,"seq_77, seq_78, seq_79, seq_80, seq_81, seq_82",,FALSE,"Rifle, Knife",,,,,,,6,seq_89.mp4,"seq_89.mp4, seq_90.mp4",seq_77.srt,,
,,,,,,,,,,,,,,,,,,,,,
seq_78.mp4,TRUE,2,red,"TRUE, 135.4",80.8,"seq_77, seq_78, seq_79, seq_80, seq_81, seq_82",,FALSE,"Rifle, Knife",,,,,,,6,seq_89.mp4,"seq_89.mp4, seq_90.mp4",seq_78.srt,,
,,,,,,,,,,,,,,,,,,,,,
seq_79.mp4,TRUE,2,red,"TRUE, 133.7",83.3,"seq_77, seq_78, seq_79, seq_80, seq_81, seq_82",,FALSE,"Rifle, Knife",,,,,,,6,seq_89.mp4,"seq_89.mp4, seq_90.mp4",seq_79.srt,,
,,,,,,,,,,,,,,,,,,,,,
seq_80.mp4,TRUE,2,red,"TRUE, 154.6",83.3,"seq_77, seq_78, seq_79, seq_80, seq_81, seq_82",,FALSE,"Rifle, Knife",,,,,,,6,seq_89.mp4,"seq_89.mp4, seq_90.mp4",seq_80.srt,,
,,,,,,,,,,,,,,,,,,,,,
seq_81.mp4,TRUE,2,red,"TRUE, 137.9",83.3,"seq_77, seq_78, seq_79, seq_80, seq_81, seq_82",,FALSE,"Rifle, Knife",,,,,,,6,seq_89.mp4,"seq_89.mp4, seq_90.mp4",seq_81.srt,,
,,,,,,,,,,,,,,,,,,,,,
seq_82.mp4,TRUE,2,red,"TRUE, 137.9",83.3,"seq_77, seq_78, seq_79, seq_80, seq_81, seq_82",,FALSE,"Rifle, Knife",,,,,,,6,seq_89.mp4,"seq_89.mp4, seq_90.mp4",seq_82.srt,,
,,,, ,,,,,,,,,,,,,,,,,
seq_83.mp4,TRUE,2,red,"TRUE, 145.0",73.7,"seq_83, seq_84, seq_85, seq_86, seq_87, seq_88",,FALSE,"Rifle, Knife",,,,,,,6,seq_89.mp4,"seq_89.mp4, seq_90.mp4",seq_83.srt,,
,,,,,,,,,,,,,,,,,,,,,
seq_84.mp4,TRUE,2,red,"TRUE, 128.3",73.7,"seq_83, seq_84, seq_85, seq_86, seq_87, seq_88",,FALSE,"Rifle, Knife",,,,,,,6,seq_89.mp4,"seq_89.mp4, seq_90.mp4",seq_84.srt,,
,,,,,,,,,,,,,,,,,,,,,
seq_85.mp4,TRUE,2,red,"TRUE, 126.6",76.1,"seq_83, seq_84, seq_85, seq_86, seq_87, seq_88",,FALSE,"Rifle, Knife",,,,,,,6,seq_89.mp4,"seq_89.mp4, seq_90.mp4",seq_85.srt,,
,,,,,,,,,,,,,,,,,,,,,
seq_86.mp4,TRUE,2,red,"TRUE, 147.5",76.1,"seq_83, seq_84, seq_85, seq_86, seq_87, seq_88",,FALSE,"Rifle, Knife",,,,,,,6,seq_89.mp4,"seq_89.mp4, seq_90.mp4",seq_86.srt,,
,,,,,,,,,,,,,,,,,,,,,
seq_87.mp4,TRUE,2,red,"TRUE, 130.8",76.1,"seq_83, seq_84, seq_85, seq_86, seq_87, seq_88",,FALSE,"Rifle, Knife",,,,,,,6,seq_89.mp4,"seq_89.mp4, seq_90.mp4",seq_87.srt,,
,,,,,,,,,,,,,,,,,,,,,
seq_88.mp4,TRUE,2,red,"TRUE, 130.8",76.1,"seq_83, seq_84, seq_85, seq_86, seq_87, seq_88",,FALSE,"Rifle, Knife",,,,,,,6,seq_89.mp4,"seq_89.mp4, seq_90.mp4",seq_88.srt,,
,,,,,,,,,,,,,,,,,,,,,
seq_89.mp4,FALSE,,,,,,,,,,,,,,,,,RESTART,seq_89.srt,,
,,,,,,,,,,,,,,,,,,,,,
seq_90.mp4,TRUE,2,red,"TRUE, 54.4",,,,TRUE,"Stab High, Stab Low",,,,,,"Stab High, Stab Low AND (seq_15.mp4 OR seq_16.mp4), Stab Low AND (seq_54.mp4 OR seq_55.mp4) AND seq_10.mp4, Stab Low AND (seq_54.mp4 OR seq_55.mp4) AND seq_11.mp4",7,0,"seq_91.mp4, seq_92.mp4, seq_93.mp4, seq_94.mp4",seq_90.srt,,
,,,,,,,,,,,,,,,,,,,,,
seq_91.mp4,FALSE,,,,,,,,,,,,,,,,,RESTART,seq_91.srt,,
,,,,,,,,,,,,,,,,,,,,,
seq_92.mp4,TRUE,2,red,,137.3,"seq_92, seq_93, seq_94",,TRUE,"Approach, Avoid",,,,,,"Approach, Avoid AND seq_10.mp4, Avoid AND seq_11.mp4",7,0,"seq_95.mp4, seq_106.mp4, seq_107.mp4",seq_92.srt,,
,,,,,,,,,,,,,,,,,,,,,
seq_93.mp4,TRUE,2,red,,169.5,"seq_92, seq_93, seq_94",,TRUE,"Understanding, Harsh",,,,,,,7,seq_134.mp4,"seq_134.mp4, seq_135.mp4",seq_93.srt,,
,,,,,,,,,,,,,,,,,,,,,
seq_94.mp4,TRUE,2,red,,169.5,"seq_92, seq_93, seq_94",,TRUE,"Understanding, Harsh",,,,,,,7,seq_134.mp4,"seq_134.mp4, seq_135.mp4",seq_94.srt,,
,,,,,,,,,,,,,,,,,,,,,
seq_95.mp4,TRUE,2,red,,,,,TRUE,"Get Car Keys, Follow Matteo",,,,,,"Get Car Keys AND seq_19.mp4, Get Car Keys AND seq_20.mp4, Follow Matteo AND seq_10.mp4, Follow Matteo AND seq_11.mp4",7,0,"seq_96.mp4, seq_97.mp4, seq_108.mp4, seq_109.mp4",seq_95.srt,,
,,,,,,,,,,,,,,,,,,,,,
seq_96.mp4,TRUE,2,red,,,,,TRUE,"Lift Mask, Leave",,,,,,"Lift Mask AND seq_10.mp4, Lift Mask AND seq_11.mp4, Leave AND seq_10.mp4, Leave AND seq_11.mp4",7,0,"seq_98.mp4, seq_99.mp4, seq_100.mp4, seq_101.mp4",seq_96.srt,,
,,,,,,,,,,,,,,,,,,,,,
seq_97.mp4,TRUE,2,red,,,,,TRUE,"Lift Mask, Leave",,,,,,"Lift Mask AND seq_10.mp4, Lift Mask AND seq_11.mp4, Leave AND seq_10.mp4, Leave AND seq_11.mp4",7,0,"seq_102.mp4, seq_103.mp4, seq_104.mp4, seq_105.mp4",seq_97.srt,,
,,,,,,,,,,,,,,,,,,,,,
seq_98.mp4,TRUE,2,red,,157.5,"seq_98, seq_99",,TRUE,"Understanding, Harsh",,,,,,,7,seq_110.mp4,"seq_110.mp4, seq_111.mp4",seq_98.srt,,
,,,,,,,,,,,,,,,,,,,,,
seq_99.mp4,TRUE,2,red,,157.5,"seq_98, seq_99",,TRUE,"Understanding, Harsh",,,,,,,7,seq_110.mp4,"seq_110.mp4, seq_111.mp4",seq_99.srt,,
,,,,,,,,,,,,,,,,,,,,,
seq_100.mp4,TRUE,2,red,,144.4,"seq_100, seq_101",,TRUE,"Understanding, Harsh",,,,,,,7,seq_110.mp4,"seq_110.mp4, seq_111.mp4",seq_100.srt,,
,,,,,,,,,,,,,,,,,,,,,
seq_101.mp4,TRUE,2,red,,144.4,"seq_100, seq_101",,TRUE,"Understanding, Harsh",,,,,,,7,seq_110.mp4,"seq_110.mp4, seq_111.mp4",seq_101.srt,,
,,,,,,,,,,,,,,,,,,,,,
seq_102.mp4,TRUE,2,red,,157.5,"seq_102, seq_103",,TRUE,"Understanding, Harsh",,,,,,,7,seq_110.mp4,"seq_110.mp4, seq_111.mp4",seq_102.srt,,
,,,,,,,,,,,,,,,,,,,,,
seq_103.mp4,TRUE,2,red,,157.5,"seq_102, seq_103",,TRUE,"Understanding, Harsh",,,,,,,7,seq_110.mp4,"seq_110.mp4, seq_111.mp4",seq_103.srt,,
,,,,,,,,,,,,,,,,,,,,,
seq_104.mp4,TRUE,2,red,,144.4,"seq_104, seq_105",,TRUE,"Understanding, Harsh",,,,,,,7,seq_110.mp4,"seq_110.mp4, seq_111.mp4",seq_104.srt,,
,,,,,,,,,,,,,,,,,,,,,
seq_105.mp4,TRUE,2,red,,144.4,"seq_104, seq_105",,TRUE,"Understanding, Harsh",,,,,,,7,seq_110.mp4,"seq_110.mp4, seq_111.mp4",seq_105.srt,,
,,,,,,,,,,,,,,,,,,,,,
seq_106.mp4,TRUE,2,red,,42.4,"seq_106, seq_107",,TRUE,"Understanding, Harsh",,,,,,,7,seq_110.mp4,"seq_110.mp4, seq_111.mp4",seq_106.srt,,
,,,,,,,,,,,,,,,,,,,,,
seq_107.mp4,TRUE,2,red,,42.4,"seq_106, seq_107",,TRUE,"Understanding, Harsh",,,,,,,7,seq_110.mp4,"seq_110.mp4, seq_111.mp4",seq_107.srt,,
,,,,,,,,,,,,,,,,,,,,,
seq_108.mp4,TRUE,2,red,,39.2,"seq_108, seq_109",,TRUE,"Understanding, Harsh",,,,,,,7,seq_110.mp4,"seq_110.mp4, seq_111.mp4",seq_108.srt,,
,,,,,,,,,,,,,,,,,,,,,
seq_109.mp4,TRUE,2,red,,39.2,"seq_108, seq_109",,TRUE,"Understanding, Harsh",,,,,,,7,seq_110.mp4,"seq_110.mp4, seq_111.mp4",seq_109.srt,,
,,,,,,,,,,,,,,,,,,,,,
seq_110.mp4,TRUE,2,red,,,,,TRUE,"Vlog, Leave",,,,,,"Vlog AND seq_95.mp4, Vlog AND NOT seq_95.mp4, Leave AND seq_95.mp4, Leave AND NOT seq_95.mp4",7,0,"seq_112.mp4, seq_113.mp4, seq_114.mp4, seq_115.mp4",seq_110.srt,,
,,,,,,,,,,,,,,,,,,,,,
seq_111.mp4,TRUE,2,red,,,,,TRUE,"Vlog, Leave",,,,,,"Vlog AND seq_95.mp4, Vlog AND NOT seq_95.mp4, Leave AND seq_95.mp4, Leave AND NOT seq_95.mp4",7,0,"seq_112.mp4, seq_113.mp4, seq_114.mp4, seq_115.mp4",seq_111.srt,,
,,,,,,,,,,,,,,,,,,,,,
seq_112.mp4,TRUE,2,red,,179.4,"seq_112, seq_113",,TRUE,"Stay, Abandon",,,,,,,7,seq_116.mp4,"seq_116.mp4, seq_117.mp4",seq_112.srt,,
,,,,,,,,,,,,,,,,,,,,,
seq_113.mp4,TRUE,2,red,,179.4,"seq_112, seq_113",,TRUE,"Stay, Abandon",,,,,,,7,seq_116.mp4,"seq_116.mp4, seq_117.mp4",seq_113.srt,,
,,,,,,,,,,,,,,,,,,,,,
seq_114.mp4,TRUE,2,red,,146.8,"seq_114, seq_115",,TRUE,"Stay, Abandon",,,,,,,7,seq_116.mp4,"seq_116.mp4, seq_117.mp4",seq_114.srt,,
,,,,,,,,,,,,,,,,,,,,,
seq_115.mp4,TRUE,2,red,,146.8,"seq_114, seq_115",,TRUE,"Stay, Abandon",,,,,,,7,seq_116.mp4,"seq_116.mp4, seq_117.mp4",seq_115.srt,,
,,,,,,,,,,,,,,,,,,,,,
seq_116.mp4,TRUE,2,red,,,,,FALSE,"Get Off Trail, Stay On Trail",1,"1.0, 0.0",,,,,7,seq_118.mp4,"seq_118.mp4, seq_127.mp4",seq_116.srt,,
,,,,,,,,,,,,,,,,,,,,,
seq_117.mp4,TRUE,2,red,,,,,FALSE,"Get Off Trail, Stay On Trail",,,,,,,7,seq_118.mp4,"seq_118.mp4, seq_127.mp4",seq_117.srt,,
,,,,,,,,,,,,,,,,,,,,,
seq_118.mp4,TRUE,2,red,"TRUE, 11.8",,,,FALSE,"Left Cave, Right Cave",,,,,,,7,seq_119.mp4,"seq_119.mp4, seq_120.mp4",seq_118.srt,,
,,,,,,,,,,,,,,,,,,,,,
seq_119.mp4,FALSE,,,,,,,,,,,,,,,,,RESTART,seq_119.srt,,
,,,,,,,,,,,,,,,,,,,,,
seq_120.mp4,TRUE,2,red,"TRUE, 169.0",,,,TRUE,"Wait, Distract",,,,,,"Wait, Distract AND seq_95.mp4, Distract AND NOT seq_95.mp4",7,0,"seq_121.mp4, seq_122.mp4, seq_123.mp4",seq_120.srt,,
,,,,,,,,,,,,,,,,,,,,,
seq_121.mp4,FALSE,,,,,,,,,,,,,,,,,RESTART,seq_121.srt,,
,,,,,,,,,,,,,,,,,,,,,
seq_122.mp4,TRUE,2,red,"TRUE, 267.4",117.1,"seq_122, seq_123",,TRUE,"Strategy, Stealth",,,,,,,7,seq_128.mp4,"seq_128.mp4, seq_133.mp4",seq_122.srt,,
,,,,,,,,,,,,,,,,,,,,,
seq_123.mp4,TRUE,2,red,"TRUE, 187.9",117.1,"seq_122, seq_123",,TRUE,"Kick, Scratch",,,,,,"Kick, Scratch AND seq_11.mp4, Scratch AND seq_10.mp4",7,0,"seq_124.mp4, seq_125.mp4, seq_126.mp4",seq_123.srt,,
,,,,,,,,,,,,,,,,,,,,,
seq_124.mp4,FALSE,,,,,,,,,,,,,,,,,RESTART,seq_124.srt,,
,,,,,,,,,,,,,,,,,,,,,
seq_125.mp4,TRUE,2,red,,110.8,"seq_125, seq_126",,TRUE,"Stay, Run",,,,,,"Stay AND *Score_A = 3*, Stay AND NOT *Score_A = 3*, Run",7,0,"seq_165.mp4, seq_166.mp4, seq_185.mp4",seq_125.srt,,
,,,,,,,,,,,,,,,,,,,,,
seq_126.mp4,TRUE,2,red,,110.8,"seq_125, seq_126",,TRUE,"Stay, Run",,,,,,"Stay AND *Score_A = 3*, Stay AND NOT *Score_A = 3*, Run",7,0,"seq_167.mp4, seq_168.mp4, seq_186.mp4",seq_126.srt,,
,,,,,,,,,,,,,,,,,,,,,
seq_127.mp4,TRUE,2,red,"TRUE, 176.7",,,,TRUE,"Strategy, Stealth",,,,,,,7,seq_128.mp4,"seq_128.mp4, seq_133.mp4",seq_127.srt,,
,,,,,,,,,,,,,,,,,,,,,
seq_128.mp4,TRUE,2,red,,,,,TRUE,"Kill, Spare",,,,,,"Kill AND seq_11.mp4, Kill AND seq_10.mp4, Spare AND seq_11.mp4, Spare AND seq_10.mp4",7,1,"seq_129.mp4, seq_130.mp4, seq_131.mp4, seq_132.mp4",seq_128.srt,,
,,,,,,,,,,,,,,,,,,,,,
seq_129.mp4,TRUE,2,red,,93.5,"seq_129, seq_130",,TRUE,"Stay, Run",,,,,,"Stay AND *Score_A = 3*, Stay AND NOT *Score_A = 3*, Run",7,1,"seq_165.mp4, seq_166.mp4, seq_185.mp4",seq_129.srt,,
,,,,,,,,,,,,,,,,,,,,,
seq_130.mp4,TRUE,2,red,,93.5,"seq_129, seq_130",,TRUE,"Stay, Run",,,,,,"Stay AND *Score_A = 3*, Stay AND NOT *Score_A = 3*, Run",7,1,"seq_167.mp4, seq_168.mp4, seq_186.mp4",seq_130.srt,,
,,,,,,,,,,,,,,,,,,,,,
seq_131.mp4,TRUE,2,red,,91.3,"seq_131, seq_132",,TRUE,"Stay, Run",,,,,,"Stay AND *Score_A = 3*, Stay AND NOT *Score_A = 3*, Run",7,1,"seq_165.mp4, seq_166.mp4, seq_185.mp4",seq_131.srt,,
,,,,,,,,,,,,,,,,,,,,,
seq_132.mp4,TRUE,2,red,,91.3,"seq_131, seq_132",,TRUE,"Stay, Run",,,,,,"Stay AND *Score_A = 3*, Stay AND NOT *Score_A = 3*, Run",7,1,"seq_167.mp4, seq_168.mp4, seq_186.mp4",seq_132.srt,,
,,,,,,,,,,,,,,,,,,,,,
seq_133.mp4,FALSE,,,,,,,,,,,,,,,,,RESTART,seq_133.srt,,
,,,,,,,,,,,,,,,,,,,,,
seq_134.mp4,TRUE,2,red,,,,,FALSE,"Battery, Woods",,,,,,,7,seq_136.mp4,"seq_136.mp4, seq_139.mp4",seq_134.srt,,
,,,,,,,,,,,,,,,,,,,,,
seq_135.mp4,TRUE,2,red,,,,,FALSE,"Battery, Woods",,,,,,,7,seq_136.mp4,"seq_136.mp4, seq_139.mp4",seq_135.srt,,
,,,,,,,,,,,,,,,,,,,,,
seq_136.mp4,TRUE,2,red,,,,,TRUE,"Follow Voice, Stay Put",,,,,,,7,seq_137.mp4,"seq_137.mp4, seq_138.mp4",seq_136.srt,,
,,,,,,,,,,,,,,,,,,,,,
seq_137.mp4,TRUE,2,red,,,,,TRUE,"Distrust Matteo, Trust Matteo",,,,,,"Distrust Matteo AND seq_5.mp4, Distrust Matteo AND seq_4.mp4 AND seq_11.mp4, Distrust Matteo AND seq_4.mp4 AND seq_10.mp4, Trust Matteo AND seq_5.mp4, Trust Matteo AND seq_4.mp4 AND seq_11.mp4, Trust Matteo AND seq_4.mp4 AND seq_10.mp4",7,0,"seq_144.mp4, seq_145.mp4, seq_146.mp4, seq_147.mp4, seq_148.mp4, seq_149.mp4",seq_137.srt,,
,,,,,,,,,,,,,,,,,,,,,
seq_138.mp4,TRUE,2,red,,,,,TRUE,"Distrust Matteo, Trust Matteo",,,,,,"Distrust Matteo AND seq_5.mp4, Distrust Matteo AND seq_4.mp4 AND seq_11.mp4, Distrust Matteo AND seq_4.mp4 AND seq_10.mp4, Trust Matteo AND seq_5.mp4, Trust Matteo AND seq_4.mp4 AND seq_11.mp4, Trust Matteo AND seq_4.mp4 AND seq_10.mp4",7,0,"seq_144.mp4, seq_145.mp4, seq_146.mp4, seq_147.mp4, seq_148.mp4, seq_149.mp4",seq_138.srt,,
,,,,,,,,,,,,,,,,,,,,,
seq_139.mp4,TRUE,2,red,,,,,TRUE,"Follow Blood, Return To Matteo",,,,,,,7,seq_143.mp4,"seq_140.mp4, seq_143.mp4",seq_139.srt,,
,,,,,,,,,,,,,,,,,,,,,
seq_140.mp4,TRUE,2,red,,,,,TRUE,"Tell Matteo, Don't Tell Matteo",,,,,,,7,seq_141.mp4,"seq_141.mp4, seq_142.mp4",seq_140.srt,,
,,,,,,,,,,,,,,,,,,,,,
seq_141.mp4,TRUE,2,red,,,,,TRUE,"Distrust Matteo, Trust Matteo",,,,,,"Distrust Matteo AND seq_5.mp4, Distrust Matteo AND seq_4.mp4 AND seq_11.mp4, Distrust Matteo AND seq_4.mp4 AND seq_10.mp4, Trust Matteo AND seq_5.mp4, Trust Matteo AND seq_4.mp4 AND seq_11.mp4, Trust Matteo AND seq_4.mp4 AND seq_10.mp4",7,0,"seq_144.mp4, seq_145.mp4, seq_146.mp4, seq_147.mp4, seq_148.mp4, seq_149.mp4",seq_141.srt,,
,,,,,,,,,,,,,,,,,,,,,
seq_142.mp4,TRUE,2,red,,,,,TRUE,"Distrust Matteo, Trust Matteo",,,,,,"Distrust Matteo AND seq_5.mp4, Distrust Matteo AND seq_4.mp4 AND seq_11.mp4, Distrust Matteo AND seq_4.mp4 AND seq_10.mp4, Trust Matteo AND seq_5.mp4, Trust Matteo AND seq_4.mp4 AND seq_11.mp4, Trust Matteo AND seq_4.mp4 AND seq_10.mp4",7,0,"seq_144.mp4, seq_145.mp4, seq_146.mp4, seq_147.mp4, seq_148.mp4, seq_149.mp4",seq_142.srt,,
,,,,,,,,,,,,,,,,,,,,,
seq_143.mp4,TRUE,2,red,,,,,TRUE,"Distrust Matteo, Trust Matteo",,,,,,"Distrust Matteo AND seq_5.mp4, Distrust Matteo AND seq_4.mp4 AND seq_11.mp4, Distrust Matteo AND seq_4.mp4 AND seq_10.mp4, Trust Matteo AND seq_5.mp4, Trust Matteo AND seq_4.mp4 AND seq_11.mp4, Trust Matteo AND seq_4.mp4 AND seq_10.mp4",7,0,"seq_144.mp4, seq_145.mp4, seq_146.mp4, seq_147.mp4, seq_148.mp4, seq_149.mp4",seq_143.srt,,
,,,,,,,,,,,,,,,,,,,,,
seq_144.mp4,TRUE,2,red,,138.6,"seq_144, seq_145, seq_146",,TRUE,"Accept, Decline",,,,,,,6,seq_151.mp4,"seq_150.mp4, seq_151.mp4",seq_144.srt,,
,,,,,,,,,,,,,,,,,,,,,
seq_145.mp4,TRUE,2,blue,"TRUE, 331.1",138.6,"seq_144, seq_145, seq_146",,TRUE,"Attack Low, Attack High",,,,,,,5,seq_157.mp4,"seq_157.mp4, seq_158.mp4",seq_145.srt,,
,,,,,,,,,,,,,,,,,,,,,
seq_146.mp4,TRUE,2,blue,"TRUE, 295.2",138.6,"seq_144, seq_145, seq_146",,TRUE,"Attack Low, Attack High",,,,,,,6,seq_157.mp4,"seq_157.mp4, seq_158.mp4",seq_146.srt,,
,,,,,,,,,,,,,,,,,,,,,
seq_147.mp4,TRUE,2,red,,138.6,"seq_147, seq_148, seq_149",,TRUE,"Accept, Decline",,,,,,,5,seq_151.mp4,"seq_150.mp4, seq_151.mp4",seq_147.srt,,
,,,,,,,,,,,,,,,,,,,,,
seq_148.mp4,TRUE,2,blue,"TRUE, 329.5",138.6,"seq_147, seq_148, seq_149",,TRUE,"Attack Low, Attack High",,,,,,,5,seq_157.mp4,"seq_157.mp4, seq_158.mp4",seq_148.srt,,
,,,,,,,,,,,,,,,,,,,,,
seq_149.mp4,TRUE,2,blue,"TRUE, 293.2",138.6,"seq_147, seq_148, seq_149",,TRUE,"Attack Low, Attack High",,,,,,,5,seq_157.mp4,"seq_157.mp4, seq_158.mp4",seq_149.srt,,
,,,,,,,,,,,,,,,,,,,,,
seq_150.mp4,TRUE,2,blue,"TRUE, 94.9",,,,TRUE,"Swing, Jab",,,,,,,5,seq_153.mp4,"seq_152.mp4, seq_153.mp4",seq_150.srt,,
,,,,,,,,,,,,,,,,,,,,,
seq_151.mp4,TRUE,2,blue,"TRUE, 128.4",,,,TRUE,"Swing, Jab",1,"1.0, 0.0",,,,,5,seq_153.mp4,"seq_152.mp4, seq_153.mp4",seq_151.srt,,
,,,,,,,,,,,,,,,,,,,,,
seq_152.mp4,FALSE,,,,,,,,,,,,,,,,,RESTART,seq_152.srt,,
,,,,,,,,,,,,,,,,,,,,,
seq_153.mp4,TRUE,2,blue,"TRUE, 0",,,,TRUE,"Swing, Jab",,,,,,"Swing AND seq_11.mp4, Swing AND seq_10.mp4, Jab",5,1,"seq_155.mp4, seq_156.mp4, seq_154.mp4",seq_153.srt,,
,,,,,,,,,,,,,,,,,,,,,
seq_154.mp4,FALSE,,,,,,,,,,,,,,,,,RESTART,seq_154.srt,,
,,,,,,,,,,,,,,,,,,,,,
seq_155.mp4,TRUE,2,red,,119.0,"seq_155, seq_156",,TRUE,"Stay, Run",,,,,,"Stay AND (seq_57.mp4 OR seq_58.mp4) AND *Score_A = 4*, Stay AND (seq_57.mp4 OR seq_58.mp4) AND NOT *Score_A = 4*, Stay AND seq_63.mp4 AND *Score_A = 4*, Stay AND seq_63.mp4 AND NOT *Score_A = 4*, Run",7,1,"seq_177.mp4, seq_178.mp4, seq_181.mp4, seq_182.mp4, seq_187.mp4",seq_155.srt,,
,,,,,,,,,,,,,,,,,,,,,
seq_156.mp4,TRUE,2,red,,119.0,"seq_155, seq_156",,TRUE,"Stay, Run",,,,,,"Stay AND (seq_57.mp4 OR seq_58.mp4) AND *Score_A = 4*, Stay AND (seq_57.mp4 OR seq_58.mp4) AND NOT *Score_A = 4*, Stay AND seq_63.mp4 AND *Score_A = 4*, Stay AND seq_63.mp4 AND NOT *Score_A = 4*, Run",7,1,"seq_179.mp4, seq_180.mp4, seq_183.mp4, seq_184.mp4, seq_188.mp4",seq_156.srt,,
,,,,,,,,,,,,,,,,,,,,,
seq_157.mp4,FALSE,,,,,,,,,,,,,,,,,RESTART,seq_157.srt,,
,,,,,,,,,,,,,,,,,,,,,
seq_158.mp4,TRUE,2,blue,"TRUE, 0",,,,TRUE,"Attack Low, Attack High",,,,,,,5,seq_159.mp4,"seq_159.mp4, seq_160.mp4",seq_158.srt,,
,,,,,,,,,,,,,,,,,,,,,
seq_159.mp4,FALSE,,,,,,,,,,,,,,,,,RESTART,seq_159.srt,,
,,,,,,,,,,,,,,,,,,,,,
seq_160.mp4,TRUE,2,red,,,,,TRUE,"Kill, Spare",,,,,,"Kill AND seq_11.mp4, Kill AND seq_10.mp4, Spare AND seq_11.mp4, Spare AND seq_10.mp4",7,1,"seq_161.mp4, seq_162.mp4, seq_163.mp4, seq_164.mp4",seq_160.srt,,
,,,,,,,,,,,,,,,,,,,,,
seq_161.mp4,TRUE,2,red,,,,,TRUE,"Stay, Run",,,,,,"Stay AND (seq_57.mp4 OR seq_58.mp4) AND *Score_A = 3*, Stay AND (seq_57.mp4 OR seq_58.mp4) AND NOT *Score_A = 3*, Stay AND seq_63.mp4 AND *Score_A = 3*, Stay AND seq_63.mp4 AND NOT *Score_A = 3*, Run",7,1,"seq_169.mp4, seq_170.mp4, seq_173.mp4, seq_174.mp4, seq_187.mp4",seq_161.srt,,
,,,,,,,,,,,,,,,,,,,,,
seq_162.mp4,TRUE,2,red,,,,,TRUE,"Stay, Run",,,,,,"Stay AND (seq_57.mp4 OR seq_58.mp4) AND *Score_A = 3*, Stay AND (seq_57.mp4 OR seq_58.mp4) AND NOT *Score_A = 3*, Stay AND seq_63.mp4 AND *Score_A = 3*, Stay AND seq_63.mp4 AND NOT *Score_A = 3*, Run",7,1,"seq_171.mp4, seq_172.mp4, seq_175.mp4, seq_176.mp4, seq_188.mp4",seq_162.srt,,
,,,,,,,,,,,,,,,,,,,,,
seq_163.mp4,TRUE,2,red,,,,,TRUE,"Stay, Run",,,,,,"Stay AND (seq_57.mp4 OR seq_58.mp4) AND *Score_A = 3*, Stay AND (seq_57.mp4 OR seq_58.mp4) AND NOT *Score_A = 3*, Stay AND seq_63.mp4 AND *Score_A = 3*, Stay AND seq_63.mp4 AND NOT *Score_A = 3*, Run",7,1,"seq_169.mp4, seq_170.mp4, seq_173.mp4, seq_174.mp4, seq_187.mp4",seq_163.srt,,
,,,,,,,,,,,,,,,,,,,,,
seq_164.mp4,TRUE,2,red,,,,,TRUE,"Stay, Run",,,,,,"Stay AND (seq_57.mp4 OR seq_58.mp4) AND *Score_A = 3*, Stay AND (seq_57.mp4 OR seq_58.mp4) AND NOT *Score_A = 3*, Stay AND seq_63.mp4 AND *Score_A = 3*, Stay AND seq_63.mp4 AND NOT *Score_A = 3*, Run",7,1,"seq_171.mp4, seq_172.mp4, seq_175.mp4, seq_176.mp4, seq_188.mp4",seq_164.srt,,
,,,,,,,,,,,,,,,,,,,,,
seq_165.mp4,FALSE,,,,185.0,"seq_165, seq_166, seq_167, seq_168, seq_169, seq_170, seq_171, seq_172, seq_173, seq_174, seq_175, seq_176, seq_177, seq_178, seq_179, seq_180, seq_181, seq_182, seq_183, seq_184",,,,,,,,,,,,end_credits.mp4,seq_165.srt,,
,,,,,,,,,,,,,,,,,,,,,
seq_166.mp4,FALSE,,,,185.0,"seq_165, seq_166, seq_167, seq_168, seq_169, seq_170, seq_171, seq_172, seq_173, seq_174, seq_175, seq_176, seq_177, seq_178, seq_179, seq_180, seq_181, seq_182, seq_183, seq_184",,,,,,,,,,,,end_credits.mp4,seq_166.srt,,
,,,,,,,,,,,,,,,,,,,,,
seq_167.mp4,FALSE,,,,185.0,"seq_165, seq_166, seq_167, seq_168, seq_169, seq_170, seq_171, seq_172, seq_173, seq_174, seq_175, seq_176, seq_177, seq_178, seq_179, seq_180, seq_181, seq_182, seq_183, seq_184",,,,,,,,,,,,end_credits.mp4,seq_167.srt,,
,,,,,,,,,,,,,,,,,,,,,
seq_168.mp4,FALSE,,,,185.0,"seq_165, seq_166, seq_167, seq_168, seq_169, seq_170, seq_171, seq_172, seq_173, seq_174, seq_175, seq_176, seq_177, seq_178, seq_179, seq_180, seq_181, seq_182, seq_183, seq_184",,,,,,,,,,,,end_credits.mp4,seq_168.srt,,
,,,,,,,,,,,,,,,,,,,,,
seq_169.mp4,FALSE,,,,185.0,"seq_165, seq_166, seq_167, seq_168, seq_169, seq_170, seq_171, seq_172, seq_173, seq_174, seq_175, seq_176, seq_177, seq_178, seq_179, seq_180, seq_181, seq_182, seq_183, seq_184",,,,,,,,,,,,end_credits.mp4,seq_169.srt,,
,,,,,,,,,,,,,,,,,,,,,
seq_170.mp4,FALSE,,,,185.0,"seq_165, seq_166, seq_167, seq_168, seq_169, seq_170, seq_171, seq_172, seq_173, seq_174, seq_175, seq_176, seq_177, seq_178, seq_179, seq_180, seq_181, seq_182, seq_183, seq_184",,,,,,,,,,,,end_credits.mp4,seq_170.srt,,
,,,,,,,,,,,,,,,,,,,,,
seq_171.mp4,FALSE,,,,185.0,"seq_165, seq_166, seq_167, seq_168, seq_169, seq_170, seq_171, seq_172, seq_173, seq_174, seq_175, seq_176, seq_177, seq_178, seq_179, seq_180, seq_181, seq_182, seq_183, seq_184",,,,,,,,,,,,end_credits.mp4,seq_171.srt,,
,,,,,,,,,,,,,,,,,,,,,
seq_172.mp4,FALSE,,,,185.0,"seq_165, seq_166, seq_167, seq_168, seq_169, seq_170, seq_171, seq_172, seq_173, seq_174, seq_175, seq_176, seq_177, seq_178, seq_179, seq_180, seq_181, seq_182, seq_183, seq_184",,,,,,,,,,,,end_credits.mp4,seq_172.srt,,
,,,,,,,,,,,,,,,,,,,,,
seq_173.mp4,FALSE,,,,185.0,"seq_165, seq_166, seq_167, seq_168, seq_169, seq_170, seq_171, seq_172, seq_173, seq_174, seq_175, seq_176, seq_177, seq_178, seq_179, seq_180, seq_181, seq_182, seq_183, seq_184",,,,,,,,,,,,end_credits.mp4,seq_173.srt,,
,,,,,,,,,,,,,,,,,,,,,
seq_174.mp4,FALSE,,,,185.0,"seq_165, seq_166, seq_167, seq_168, seq_169, seq_170, seq_171, seq_172, seq_173, seq_174, seq_175, seq_176, seq_177, seq_178, seq_179, seq_180, seq_181, seq_182, seq_183, seq_184",,,,,,,,,,,,end_credits.mp4,seq_174.srt,,
,,,,,,,,,,,,,,,,,,,,,
seq_175.mp4,FALSE,,,,185.0,"seq_165, seq_166, seq_167, seq_168, seq_169, seq_170, seq_171, seq_172, seq_173, seq_174, seq_175, seq_176, seq_177, seq_178, seq_179, seq_180, seq_181, seq_182, seq_183, seq_184",,,,,,,,,,,,end_credits.mp4,seq_175.srt,,
,,,,,,,,,,,,,,,,,,,,,
seq_176.mp4,FALSE,,,,185.0,"seq_165, seq_166, seq_167, seq_168, seq_169, seq_170, seq_171, seq_172, seq_173, seq_174, seq_175, seq_176, seq_177, seq_178, seq_179, seq_180, seq_181, seq_182, seq_183, seq_184",,,,,,,,,,,,end_credits.mp4,seq_176.srt,,
,,,,,,,,,,,,,,,,,,,,,
seq_177.mp4,FALSE,,,,185.0,"seq_165, seq_166, seq_167, seq_168, seq_169, seq_170, seq_171, seq_172, seq_173, seq_174, seq_175, seq_176, seq_177, seq_178, seq_179, seq_180, seq_181, seq_182, seq_183, seq_184",,,,,,,,,,,,end_credits.mp4,seq_177.srt,,
,,,,,,,,,,,,,,,,,,,,,
seq_178.mp4,FALSE,,,,185.0,"seq_165, seq_166, seq_167, seq_168, seq_169, seq_170, seq_171, seq_172, seq_173, seq_174, seq_175, seq_176, seq_177, seq_178, seq_179, seq_180, seq_181, seq_182, seq_183, seq_184",,,,,,,,,,,,end_credits.mp4,seq_178.srt,,
,,,,,,,,,,,,,,,,,,,,,
seq_179.mp4,FALSE,,,,185.0,"seq_165, seq_166, seq_167, seq_168, seq_169, seq_170, seq_171, seq_172, seq_173, seq_174, seq_175, seq_176, seq_177, seq_178, seq_179, seq_180, seq_181, seq_182, seq_183, seq_184",,,,,,,,,,,,end_credits.mp4,seq_179.srt,,
,,,,,,,,,,,,,,,,,,,,,
seq_180.mp4,FALSE,,,,185.0,"seq_165, seq_166, seq_167, seq_168, seq_169, seq_170, seq_171, seq_172, seq_173, seq_174, seq_175, seq_176, seq_177, seq_178, seq_179, seq_180, seq_181, seq_182, seq_183, seq_184",,,,,,,,,,,,end_credits.mp4,seq_180.srt,,
,,,,,,,,,,,,,,,,,,,,,
seq_181.mp4,FALSE,,,,185.0,"seq_165, seq_166, seq_167, seq_168, seq_169, seq_170, seq_171, seq_172, seq_173, seq_174, seq_175, seq_176, seq_177, seq_178, seq_179, seq_180, seq_181, seq_182, seq_183, seq_184",,,,,,,,,,,,end_credits.mp4,seq_181.srt,,
,,,,,,,,,,,,,,,,,,,,,
seq_182.mp4,FALSE,,,,185.0,"seq_165, seq_166, seq_167, seq_168, seq_169, seq_170, seq_171, seq_172, seq_173, seq_174, seq_175, seq_176, seq_177, seq_178, seq_179, seq_180, seq_181, seq_182, seq_183, seq_184",,,,,,,,,,,,end_credits.mp4,seq_182.srt,,
,,,,,,,,,,,,,,,,,,,,,
seq_183.mp4,FALSE,,,,185.0,"seq_165, seq_166, seq_167, seq_168, seq_169, seq_170, seq_171, seq_172, seq_173, seq_174, seq_175, seq_176, seq_177, seq_178, seq_179, seq_180, seq_181, seq_182, seq_183, seq_184",,,,,,,,,,,,end_credits.mp4,seq_183.srt,,
,,,,,,,,,,,,,,,,,,,,,
seq_184.mp4,FALSE,,,,185.0,"seq_165, seq_166, seq_167, seq_168, seq_169, seq_170, seq_171, seq_172, seq_173, seq_174, seq_175, seq_176, seq_177, seq_178, seq_179, seq_180, seq_181, seq_182, seq_183, seq_184",,,,,,,,,,,,end_credits.mp4,seq_184.srt,,
,,,,,,,,,,,,,,,,,,,,,
seq_185.mp4,FALSE,,,,218.5,"seq_185, seq_186, seq_187, seq_188",,,,,,,,,,,,end_credits.mp4,seq_185.srt,,
,,,,,,,,,,,,,,,,,,,,,
seq_186.mp4,FALSE,,,,218.5,"seq_185, seq_186, seq_187, seq_188",,,,,,,,,,,,end_credits.mp4,seq_186.srt,,
,,,,,,,,,,,,,,,,,,,,,
seq_187.mp4,FALSE,,,,218.5,"seq_185, seq_186, seq_187, seq_188",,,,,,,,,,,,end_credits.mp4,seq_187.srt,,
,,,,,,,,,,,,,,,,,,,,,
seq_188.mp4,FALSE,,,,218.5,"seq_185, seq_186, seq_187, seq_188",,,,,,,,,,,,end_credits.mp4,seq_188.srt,,
,,,,,,,,,,,,,,,,,,,,,
end_credits.mp4,FALSE,,,,,,,,,,,,,,,,,,,,
,,,,,,,,,,,,,,,,,,,,,
,,,,,,,,,,,,,,,,,,,,,
,,,,,,,,,,,,,,,,,,,,,
,,,,,,,,,,,,,,,,,,,,,
,,,,,,,,,,,,,,,,,,,,,
,,,,,,,,,,,,,,,,,,,,,
,,,,,,,,,,,,,,,,,,,,,
,,,,,,,,,,,,,,,,,,,,,
,,,,,,,,,,,,,,,,,,,,,
,,,,,,,,,,,,,,,,,,,,,
,,,,,,,,,,,,,,,,,,,,,
,,,,,,,,,,,,,,,,,,,,,
,,,,,,,,,,,,,,,,,,,,,
,,,,,,,,,,,,,,,,,,,,,
,,,,,,,,,,,,,,,,,,,,,
,,,,,,,,,,,,,,,,,,,,,
,,,,,,,,,,,,,,,,,,,,,
,,,,,,,,,,,,,,,,,,,,,
,,,,,,,,,,,,,,,,,,,,,
,,,,,,,,,,,,,,,,,,,,,
,,,,,,,,,,,,,,,,,,,,,
,,,,,,,,,,,,,,,,,,,,,
,,,,,,,,,,,,,,,,,,,,,
,,,,,,,,,,,,,,,,,,,,,
,,,,,,,,,,,,,,,,,,,,,
,,,,,,,,,,,,,,,,,,,,,
,,,,,,,,,,,,,,,,,,,,,
,,,,,,,,,,,,,,,,,,,,,
,,,,,,,,,,,,,,,,,,,,,
,,,,,,,,,,,,,,,,,,,,,
,,,,,,,,,,,,,,,,,,,,,
,,,,,,,,,,,,,,,,,,,,,
,,,,,,,,,,,,,,,,,,,,,
,,,,,,,,,,,,,,,,,,,,,
,,,,,,,,,,,,,,,,,,,,,
,,,,,,,,,,,,,,,,,,,,,
,,,,,,,,,,,,,,,,,,,,,
,,,,,,,,,,,,,,,,,,,,,
,,,,,,,,,,,,,,,,,,,,,
,,,,,,,,,,,,,,,,,,,,,
,,,,,,,,,,,,,,,,,,,,,
,,,,,,,,,,,,,,,,,,,,,
,,,,,,,,,,,,,,,,,,,,,
,,,,,,,,,,,,,,,,,,,,,
,,,,,,,,,,,,,,,,,,,,,
,,,,,,,,,,,,,,,,,,,,,
,,,,,,,,,,,,,,,,,,,,,
,,,,,,,,,,,,,,,,,,,,,
,,,,,,,,,,,,,,,,,,,,,
,,,,,,,,,,,,,,,,,,,,,
,,,,,,,,,,,,,,,,,,,,,
,,,,,,,,,,,,,,,,,,,,,
,,,,,,,,,,,,,,,,,,,,,
,,,,,,,,,,,,,,,,,,,,,
,,,,,,,,,,,,,,,,,,,,,
,,,,,,,,,,,,,,,,,,,,,
,,,,,,,,,,,,,,,,,,,,,
,,,,,,,,,,,,,,,,,,,,,
,,,,,,,,,,,,,,,,,,,,,
,,,,,,,,,,,,,,,,,,,,,
,,,,,,,,,,,,,,,,,,,,,
,,,,,,,,,,,,,,,,,,,,,
,,,,,,,,,,,,,,,,,,,,,
,,,,,,,,,,,,,,,,,,,,,
,,,,,,,,,,,,,,,,,,,,,
,,,,,,,,,,,,,,,,,,,,,
,,,,,,,,,,,,,,,,,,,,,
,,,,,,,,,,,,,,,,,,,,,
,,,,,,,,,,,,,,,,,,,,,
,,,,,,,,,,,,,,,,,,,,,
,,,,,,,,,,,,,,,,,,,,,
,,,,,,,,,,,,,,,,,,,,,
,,,,,,,,,,,,,,,,,,,,,
,,,,,,,,,,,,,,,,,,,,,
,,,,,,,,,,,,,,,,,,,,,
,,,,,,,,,,,,,,,,,,,,,
,,,,,,,,,,,,,,,,,,,,,
,,,,,,,,,,,,,,,,,,,,,
,,,,,,,,,,,,,,,,,,,,,
,,,,,,,,,,,,,,,,,,,,,
,,,,,,,,,,,,,,,,,,,,,
,,,,,,,,,,,,,,,,,,,,,
,,,,,,,,,,,,,,,,,,,,,
,,,,,,,,,,,,,,,,,,,,,
,,,,,,,,,,,,,,,,,,,,,
,,,,,,,,,,,,,,,,,,,,,
,,,,,,,,,,,,,,,,,,,,,
,,,,,,,,,,,,,,,,,,,,,
,,,,,,,,,,,,,,,,,,,,,
,,,,,,,,,,,,,,,,,,,,,
,,,,,,,,,,,,,,,,,,,,,
,,,,,,,,,,,,,,,,,,,,,
,,,,,,,,,,,,,,,,,,,,,
,,,,,,,,,,,,,,,,,,,,,
,,,,,,,,,,,,,,,,,,,,,
,,,,,,,,,,,,,,,,,,,,,
,,,,,,,,,,,,,,,,,,,,,
,,,,,,,,,,,,,,,,,,,,,
,,,,,,,,,,,,,,,,,,,,,
,,,,,,,,,,,,,,,,,,,,,
,,,,,,,,,,,,,,,,,,,,,
,,,,,,,,,,,,,,,,,,,,,
,,,,,,,,,,,,,,,,,,,,,
,,,,,,,,,,,,,,,,,,,,,
,,,,,,,,,,,,,,,,,,,,,
,,,,,,,,,,,,,,,,,,,,,
,,,,,,,,,,,,,,,,,,,,,
,,,,,,,,,,,,,,,,,,,,,
,,,,,,,,,,,,,,,,,,,,,
,,,,,,,,,,,,,,,,,,,,,
,,,,,,,,,,,,,,,,,,,,,
,,,,,,,,,,,,,,,,,,,,,
,,,,,,,,,,,,,,,,,,,,,
,,,,,,,,,,,,,,,,,,,,,
,,,,,,,,,,,,,,,,,,,,,
,,,,,,,,,,,,,,,,,,,,,
,,,,,,,,,,,,,,,,,,,,,
,,,,,,,,,,,,,,,,,,,,,
,,,,,,,,,,,,,,,,,,,,,
,,,,,,,,,,,,,,,,,,,,,
,,,,,,,,,,,,,,,,,,,,,
,,,,,,,,,,,,,,,,,,,,,
,,,,,,,,,,,,,,,,,,,,,
,,,,,,,,,,,,,,,,,,,,,
,,,,,,,,,,,,,,,,,,,,,
,,,,,,,,,,,,,,,,,,,,,
,,,,,,,,,,,,,,,,,,,,,
,,,,,,,,,,,,,,,,,,,,,
,,,,,,,,,,,,,,,,,,,,,
,,,,,,,,,,,,,,,,,,,,,
,,,,,,,,,,,,,,,,,,,,,
,,,,,,,,,,,,,,,,,,,,,
,,,,,,,,,,,,,,,,,,,,,
,,,,,,,,,,,,,,,,,,,,,
,,,,,,,,,,,,,,,,,,,,,
,,,,,,,,,,,,,,,,,,,,,
,,,,,,,,,,,,,,,,,,,,,
,,,,,,,,,,,,,,,,,,,,,
,,,,,,,,,,,,,,,,,,,,,
,,,,,,,,,,,,,,,,,,,,,
,,,,,,,,,,,,,,,,,,,,,
,,,,,,,,,,,,,,,,,,,,,
,,,,,,,,,,,,,,,,,,,,,
,,,,,,,,,,,,,,,,,,,,,
,,,,,,,,,,,,,,,,,,,,,
,,,,,,,,,,,,,,,,,,,,,
,,,,,,,,,,,,,,,,,,,,,
,,,,,,,,,,,,,,,,,,,,,
,,,,,,,,,,,,,,,,,,,,,
,,,,,,,,,,,,,,,,,,,,,
,,,,,,,,,,,,,,,,,,,,,
,,,,,,,,,,,,,,,,,,,,,
,,,,,,,,,,,,,,,,,,,,,
,,,,,,,,,,,,,,,,,,,,,
,,,,,,,,,,,,,,,,,,,,,
,,,,,,,,,,,,,,,,,,,,,
,,,,,,,,,,,,,,,,,,,,,
,,,,,,,,,,,,,,,,,,,,,
,,,,,,,,,,,,,,,,,,,,,
,,,,,,,,,,,,,,,,,,,,,
,,,,,,,,,,,,,,,,,,,,,
,,,,,,,,,,,,,,,,,,,,,
,,,,,,,,,,,,,,,,,,,,,
,,,,,,,,,,,,,,,,,,,,,
,,,,,,,,,,,,,,,,,,,,,
,,,,,,,,,,,,,,,,,,,,,
,,,,,,,,,,,,,,,,,,,,,
,,,,,,,,,,,,,,,,,,,,,
,,,,,,,,,,,,,,,,,,,,,
,,,,,,,,,,,,,,,,,,,,,
,,,,,,,,,,,,,,,,,,,,,
,,,,,,,,,,,,,,,,,,,,,
,,,,,,,,,,,,,,,,,,,,,
,,,,,,,,,,,,,,,,,,,,,
,,,,,,,,,,,,,,,,,,,,,
,,,,,,,,,,,,,,,,,,,,,
,,,,,,,,,,,,,,,,,,,,,
,,,,,,,,,,,,,,,,,,,,,
,,,,,,,,,,,,,,,,,,,,,
,,,,,,,,,,,,,,,,,,,,,
,,,,,,,,,,,,,,,,,,,,,
,,,,,,,,,,,,,,,,,,,,,
,,,,,,,,,,,,,,,,,,,,,
,,,,,,,,,,,,,,,,,,,,,
,,,,,,,,,,,,,,,,,,,,,
,,,,,,,,,,,,,,,,,,,,,
,,,,,,,,,,,,,,,,,,,,,
,,,,,,,,,,,,,,,,,,,,,
,,,,,,,,,,,,,,,,,,,,,
,,,,,,,,,,,,,,,,,,,,,
,,,,,,,,,,,,,,,,,,,,,
,,,,,,,,,,,,,,,,,,,,,
,,,,,,,,,,,,,,,,,,,,,
,,,,,,,,,,,,,,,,,,,,,
,,,,,,,,,,,,,,,,,,,,,
,,,,,,,,,,,,,,,,,,,,,
,,,,,,,,,,,,,,,,,,,,,
,,,,,,,,,,,,,,,,,,,,,
,,,,,,,,,,,,,,,,,,,,,
,,,,,,,,,,,,,,,,,,,,,
,,,,,,,,,,,,,,,,,,,,,
,,,,,,,,,,,,,,,,,,,,,
,,,,,,,,,,,,,,,,,,,,,
,,,,,,,,,,,,,,,,,,,,,
,,,,,,,,,,,,,,,,,,,,,
,,,,,,,,,,,,,,,,,,,,,
,,,,,,,,,,,,,,,,,,,,,
,,,,,,,,,,,,,,,,,,,,,
,,,,,,,,,,,,,,,,,,,,,
,,,,,,,,,,,,,,,,,,,,,
,,,,,,,,,,,,,,,,,,,,,
,,,,,,,,,,,,,,,,,,,,,
,,,,,,,,,,,,,,,,,,,,,
,,,,,,,,,,,,,,,,,,,,,
,,,,,,,,,,,,,,,,,,,,,
,,,,,,,,,,,,,,,,,,,,,
,,,,,,,,,,,,,,,,,,,,,
,,,,,,,,,,,,,,,,,,,,,
,,,,,,,,,,,,,,,,,,,,,
,,,,,,,,,,,,,,,,,,,,,
,,,,,,,,,,,,,,,,,,,,,
,,,,,,,,,,,,,,,,,,,,,
,,,,,,,,,,,,,,,,,,,,,
,,,,,,,,,,,,,,,,,,,,,
,,,,,,,,,,,,,,,,,,,,,
,,,,,,,,,,,,,,,,,,,,,
,,,,,,,,,,,,,,,,,,,,,
,,,,,,,,,,,,,,,,,,,,,
,,,,,,,,,,,,,,,,,,,,,
,,,,,,,,,,,,,,,,,,,,,
,,,,,,,,,,,,,,,,,,,,,
,,,,,,,,,,,,,,,,,,,,,
,,,,,,,,,,,,,,,,,,,,,
,,,,,,,,,,,,,,,,,,,,,
,,,,,,,,,,,,,,,,,,,,,
,,,,,,,,,,,,,,,,,,,,,
,,,,,,,,,,,,,,,,,,,,,
,,,,,,,,,,,,,,,,,,,,,
,,,,,,,,,,,,,,,,,,,,,
,,,,,,,,,,,,,,,,,,,,,
,,,,,,,,,,,,,,,,,,,,,
,,,,,,,,,,,,,,,,,,,,,
,,,,,,,,,,,,,,,,,,,,,
,,,,,,,,,,,,,,,,,,,,,
,,,,,,,,,,,,,,,,,,,,,
,,,,,,,,,,,,,,,,,,,,,
,,,,,,,,,,,,,,,,,,,,,
,,,,,,,,,,,,,,,,,,,,,
,,,,,,,,,,,,,,,,,,,,,
,,,,,,,,,,,,,,,,,,,,,
,,,,,,,,,,,,,,,,,,,,,
,,,,,,,,,,,,,,,,,,,,,
,,,,,,,,,,,,,,,,,,,,,
,,,,,,,,,,,,,,,,,,,,,
,,,,,,,,,,,,,,,,,,,,,
,,,,,,,,,,,,,,,,,,,,,
,,,,,,,,,,,,,,,,,,,,,
,,,,,,,,,,,,,,,,,,,,,
,,,,,,,,,,,,,,,,,,,,,
,,,,,,,,,,,,,,,,,,,,,
,,,,,,,,,,,,,,,,,,,,,
,,,,,,,,,,,,,,,,,,,,,
,,,,,,,,,,,,,,,,,,,,,
,,,,,,,,,,,,,,,,,,,,,
,,,,,,,,,,,,,,,,,,,,,
,,,,,,,,,,,,,,,,,,,,,
,,,,,,,,,,,,,,,,,,,,,
,,,,,,,,,,,,,,,,,,,,,
,,,,,,,,,,,,,,,,,,,,,
,,,,,,,,,,,,,,,,,,,,,
,,,,,,,,,,,,,,,,,,,,,
,,,,,,,,,,,,,,,,,,,,,
,,,,,,,,,,,,,,,,,,,,,
,,,,,,,,,,,,,,,,,,,,,
,,,,,,,,,,,,,,,,,,,,,
,,,,,,,,,,,,,,,,,,,,,
,,,,,,,,,,,,,,,,,,,,,
,,,,,,,,,,,,,,,,,,,,,
,,,,,,,,,,,,,,,,,,,,,
,,,,,,,,,,,,,,,,,,,,,
,,,,,,,,,,,,,,,,,,,,,
,,,,,,,,,,,,,,,,,,,,,
,,,,,,,,,,,,,,,,,,,,,
,,,,,,,,,,,,,,,,,,,,,
,,,,,,,,,,,,,,,,,,,,,
,,,,,,,,,,,,,,,,,,,,,
,,,,,,,,,,,,,,,,,,,,,
,,,,,,,,,,,,,,,,,,,,,
,,,,,,,,,,,,,,,,,,,,,
,,,,,,,,,,,,,,,,,,,,,
,,,,,,,,,,,,,,,,,,,,,
,,,,,,,,,,,,,,,,,,,,,
,,,,,,,,,,,,,,,,,,,,,
,,,,,,,,,,,,,,,,,,,,,
,,,,,,,,,,,,,,,,,,,,,
,,,,,,,,,,,,,,,,,,,,,
,,,,,,,,,,,,,,,,,,,,,
,,,,,,,,,,,,,,,,,,,,,
,,,,,,,,,,,,,,,,,,,,,
,,,,,,,,,,,,,,,,,,,,,
,,,,,,,,,,,,,,,,,,,,,
,,,,,,,,,,,,,,,,,,,,,
,,,,,,,,,,,,,,,,,,,,,
,,,,,,,,,,,,,,,,,,,,,
,,,,,,,,,,,,,,,,,,,,,
,,,,,,,,,,,,,,,,,,,,,
,,,,,,,,,,,,,,,,,,,,,
,,,,,,,,,,,,,,,,,,,,,
,,,,,,,,,,,,,,,,,,,,,
,,,,,,,,,,,,,,,,,,,,,
,,,,,,,,,,,,,,,,,,,,,
,,,,,,,,,,,,,,,,,,,,,
,,,,,,,,,,,,,,,,,,,,,
,,,,,,,,,,,,,,,,,,,,,
,,,,,,,,,,,,,,,,,,,,,
,,,,,,,,,,,,,,,,,,,,,
,,,,,,,,,,,,,,,,,,,,,
,,,,,,,,,,,,,,,,,,,,,
,,,,,,,,,,,,,,,,,,,,,
,,,,,,,,,,,,,,,,,,,,,
,,,,,,,,,,,,,,,,,,,,,
,,,,,,,,,,,,,,,,,,,,,
,,,,,,,,,,,,,,,,,,,,,
,,,,,,,,,,,,,,,,,,,,,
,,,,,,,,,,,,,,,,,,,,,
,,,,,,,,,,,,,,,,,,,,,
,,,,,,,,,,,,,,,,,,,,,
,,,,,,,,,,,,,,,,,,,,,
,,,,,,,,,,,,,,,,,,,,,
,,,,,,,,,,,,,,,,,,,,,
,,,,,,,,,,,,,,,,,,,,,
,,,,,,,,,,,,,,,,,,,,,
,,,,,,,,,,,,,,,,,,,,,
,,,,,,,,,,,,,,,,,,,,,
,,,,,,,,,,,,,,,,,,,,,
,,,,,,,,,,,,,,,,,,,,,
,,,,,,,,,,,,,,,,,,,,,
,,,,,,,,,,,,,,,,,,,,,
,,,,,,,,,,,,,,,,,,,,,
,,,,,,,,,,,,,,,,,,,,,
,,,,,,,,,,,,,,,,,,,,,
,,,,,,,,,,,,,,,,,,,,,
,,,,,,,,,,,,,,,,,,,,,
,,,,,,,,,,,,,,,,,,,,,
,,,,,,,,,,,,,,,,,,,,,
,,,,,,,,,,,,,,,,,,,,,
,,,,,,,,,,,,,,,,,,,,,
,,,,,,,,,,,,,,,,,,,,,
,,,,,,,,,,,,,,,,,,,,,
,,,,,,,,,,,,,,,,,,,,,
,,,,,,,,,,,,,,,,,,,,,
,,,,,,,,,,,,,,,,,,,,,
,,,,,,,,,,,,,,,,,,,,,
,,,,,,,,,,,,,,,,,,,,,
,,,,,,,,,,,,,,,,,,,,,
,,,,,,,,,,,,,,,,,,,,,
,,,,,,,,,,,,,,,,,,,,,
,,,,,,,,,,,,,,,,,,,,,
,,,,,,,,,,,,,,,,,,,,,
,,,,,,,,,,,,,,,,,,,,,
,,,,,,,,,,,,,,,,,,,,,
,,,,,,,,,,,,,,,,,,,,,
,,,,,,,,,,,,,,,,,,,,,
,,,,,,,,,,,,,,,,,,,,,
,,,,,,,,,,,,,,,,,,,,,
,,,,,,,,,,,,,,,,,,,,,
,,,,,,,,,,,,,,,,,,,,,
,,,,,,,,,,,,,,,,,,,,,
,,,,,,,,,,,,,,,,,,,,,
,,,,,,,,,,,,,,,,,,,,,
,,,,,,,,,,,,,,,,,,,,,
,,,,,,,,,,,,,,,,,,,,,
,,,,,,,,,,,,,,,,,,,,,
,,,,,,,,,,,,,,,,,,,,,
,,,,,,,,,,,,,,,,,,,,,
,,,,,,,,,,,,,,,,,,,,,
,,,,,,,,,,,,,,,,,,,,,
,,,,,,,,,,,,,,,,,,,,,
,,,,,,,,,,,,,,,,,,,,,
,,,,,,,,,,,,,,,,,,,,,
,,,,,,,,,,,,,,,,,,,,,
,,,,,,,,,,,,,,,,,,,,,
,,,,,,,,,,,,,,,,,,,,,
,,,,,,,,,,,,,,,,,,,,,
,,,,,,,,,,,,,,,,,,,,,
,,,,,,,,,,,,,,,,,,,,,
,,,,,,,,,,,,,,,,,,,,,
,,,,,,,,,,,,,,,,,,,,,
,,,,,,,,,,,,,,,,,,,,,
,,,,,,,,,,,,,,,,,,,,,
,,,,,,,,,,,,,,,,,,,,,
,,,,,,,,,,,,,,,,,,,,,
,,,,,,,,,,,,,,,,,,,,,
,,,,,,,,,,,,,,,,,,,,,
,,,,,,,,,,,,,,,,,,,,,
,,,,,,,,,,,,,,,,,,,,,
,,,,,,,,,,,,,,,,,,,,,
,,,,,,,,,,,,,,,,,,,,,
,,,,,,,,,,,,,,,,,,,,,
,,,,,,,,,,,,,,,,,,,,,
,,,,,,,,,,,,,,,,,,,,,
,,,,,,,,,,,,,,,,,,,,,
,,,,,,,,,,,,,,,,,,,,,
,,,,,,,,,,,,,,,,,,,,,
,,,,,,,,,,,,,,,,,,,,,
,,,,,,,,,,,,,,,,,,,,,
,,,,,,,,,,,,,,,,,,,,,
,,,,,,,,,,,,,,,,,,,,,
,,,,,,,,,,,,,,,,,,,,,
,,,,,,,,,,,,,,,,,,,,,
,,,,,,,,,,,,,,,,,,,,,
,,,,,,,,,,,,,,,,,,,,,
,,,,,,,,,,,,,,,,,,,,,
,,,,,,,,,,,,,,,,,,,,,
,,,,,,,,,,,,,,,,,,,,,
,,,,,,,,,,,,,,,,,,,,,
,,,,,,,,,,,,,,,,,,,,,
,,,,,,,,,,,,,,,,,,,,,
,,,,,,,,,,,,,,,,,,,,,
,,,,,,,,,,,,,,,,,,,,,
,,,,,,,,,,,,,,,,,,,,,
,,,,,,,,,,,,,,,,,,,,,
,,,,,,,,,,,,,,,,,,,,,
,,,,,,,,,,,,,,,,,,,,,
,,,,,,,,,,,,,,,,,,,,,
,,,,,,,,,,,,,,,,,,,,,
,,,,,,,,,,,,,,,,,,,,,
,,,,,,,,,,,,,,,,,,,,,
,,,,,,,,,,,,,,,,,,,,,
,,,,,,,,,,,,,,,,,,,,,
,,,,,,,,,,,,,,,,,,,,,
,,,,,,,,,,,,,,,,,,,,,
,,,,,,,,,,,,,,,,,,,,,
,,,,,,,,,,,,,,,,,,,,,
,,,,,,,,,,,,,,,,,,,,,
,,,,,,,,,,,,,,,,,,,,,
,,,,,,,,,,,,,,,,,,,,,
,,,,,,,,,,,,,,,,,,,,,
,,,,,,,,,,,,,,,,,,,,,
,,,,,,,,,,,,,,,,,,,,,
,,,,,,,,,,,,,,,,,,,,,
,,,,,,,,,,,,,,,,,,,,,
,,,,,,,,,,,,,,,,,,,,,
,,,,,,,,,,,,,,,,,,,,,
,,,,,,,,,,,,,,,,,,,,,
,,,,,,,,,,,,,,,,,,,,,
,,,,,,,,,,,,,,,,,,,,,
,,,,,,,,,,,,,,,,,,,,,
,,,,,,,,,,,,,,,,,,,,,
,,,,,,,,,,,,,,,,,,,,,
,,,,,,,,,,,,,,,,,,,,,
,,,,,,,,,,,,,,,,,,,,,
,,,,,,,,,,,,,,,,,,,,,
,,,,,,,,,,,,,,,,,,,,,
,,,,,,,,,,,,,,,,,,,,,
